123865,123868,123869,133589,158078,178149,184486
123865,123868,123869,133589,178149,184486
123865,123868,123869,133589,158078,178149,184486
123865,123868,123869,133589,158078,178149,184486
123865,123868,123869,133589,158078,178149,184486
123865,123868,123869,133589,158078,178149,184486
123865,123868,123869,133589,158078,178149,184486
123865,123868,123869,133589,158078,178149,184486
123865,123868,123869,133589,158078,178149,184486
78263,78264,78265,78266,78267,78268,78269,78270,78271,78272,78273,78274,78275,78276,78277,78278,78279,78280,78281,78282,78283,78285,78286,78289,78290,78291,78292,78293,78294,78295,78296,78297,78298,78299,78300,78301,78302,78303,78304,78305,78306,78307,78309,78310,78311,78312,78313,78314,78315,78316,78317,78318,78319,78320,78321,78322,78323,78325,78326,78327,78328,78329,78330,78332,78333,78340,78348,78879,78882,78883,78884,78885,78886,78887,78888,78889,79010,79011,79101,79249,79251,79253,79254,79255,79328,79330,79333,79334,79335,79339,79342,79538,79868,79869,80008,80431,80433,80587,80588,80591,80592,80595,81055,81194,81400,81401,81402,81403,81404,81405,81406,81407,81408,81409,81410,81411,81412,81414,81415,81917,81966,81967,81968,81969,81970,81971,81972,81973,81974,81975,81976,81977,81978,81979,81980,81981,81982,81983,81984,81985,81987,81988,81989,81990,81991,81992,81993,81995,81996,81997,81998,82000,82001,82002,82003,82004,82006,82007,82008,82009,82010,82011,82012,82013,82014,82015,82017,82019,82020,82021,82022,82023,82024,82025,82026,82027,82028,82029,82030,82031,82032,82033,82034,82035,82036,82037,82038,82039,82041,82042,82043,82044,82045,82046,82047,82048,82049,82050,82051,82052,82054,82055,82056,82057,82058,82060,82061,82062,82063,82064,82065,82066,82067,82068,82069,82070,82071,82072,82073,82074,82075,82076,82077,82078,82079,82080,82081,82082,82083,82084,82085,82086,82087,82088,82089,82091,82093,82094,82096,82098,82099,82100,82101,82102,82103,82104,82105,82106,82109,82110,82111,82112,82113,82114,82116,82117,82119,82120,82122,82123,82124,82125,82126,82127,82128,82129,82130,82131,82132,82133,82134,82135,82136,82137,82138,82139,82140,82141,82145,82146,82147,82148,82149,82150,82152,82153,82154,82155,82156,82157,82158,82159,82160,82161,82162,82164,82165,82166,82167,82170,82171,82172,82174,82175,82176,82177,82178,82179,82180,82181,82182,82185,82186,82187,82188,82189,82190,82191,82192,82193,82194,82195,82196,82197,82198,82200,82201,82202,82204,82205,82206,82207,82208,82209,82210,82213,82214,82215,82216,82217,82219,82220,82221,82222,82223,82224,82225,82226,82227,82228,82229,82230,82231,82232,82233,82234,82235,82237,82238,82239,82240,82241,82242,82243,82244,82245,82246,82247,82248,82249,82250,82251,82252,82253,82254,82255,82256,82257,82258,82259,82260,82261,82262,82263,82264,82265,82266,82267,82268,82269,82270,82271,82272,82274,82275,82276,82277,82278,82279,82280,82281,82282,82283,82284,82285,82286,82287,82288,82289,82290,82291,82292,82293,82294,82392,82397,82398,82399,82400,82401,82402,82403,82404,82421,82422,82423,82424,82425,82426,82427,82428,82429,82430,82431,82432,82433,82434,82435,82436,82437,82438,82439,82440,82441,82442,82443,82444,82445,82453,82469,82470,82774,82775,82800,82900,82903,82904,82905,82906,82907,82908,82909,82910,82916,82919,82920,82921,82922,82923,82924,82925,82926,82927,82928,82929,82930,82931,82932,82933,82934,82943,82944,82945,82946,82947,82948,82949,82950,82951,82952,82953,82954,82955,82956,82957,82958,82960,82961,82962,82963,82964,82965,82966,82967,82968,82969,82970,82971,82972,82973,82974,82975,82976,82977,82978,82979,82980,83006,83007,83064,83078,83087,83088,83089,83090,83092,83157,83763,83764,83765,83793,83795,85220,85221,85447,85506,85559,85568,85569,85570,85663,85787,85788,85789,85790,85791,85792,85794,85795,85796,85797,85798,85799,85800,85801,85802,85803,85804,85805,85806,85809,85812,85813,85814,85815,85816,85817,85819,85820,85821,85822,85823,85824,85825,85826,85827,85828,85829,85830,85831,85832,85833,85835,85836,85837,85838,85839,85840,85841,85842,85843,85844,85845,85846,85847,85848,85849,85850,85851,85852,85853,86183,86184,86185,86187,86188,86190,86191,86192,86238,86272,86279,86280,86281,86283,86284,86297,86311,86312,86313,86314,86379,86380,86381,86382,86432,86574,86592,86597,86607,86841,86843,86844,86845,86846,86847,86848,86849,86850,87213,87215,87216,87226,87230,87242,87244,87246,87250,87251,87277,87392,87402,87403,87404,87405,87406,87407,87408,87409,87410,87411,87412,87413,87417,87418,87419,87421,87423,87424,87425,87427,87429,87430,87431,87432,87433,87435,87436,87437,87439,87444,87445,87446,87447,87448,87450,87451,87452,87454,87455,87456,87457,87458,87459,87460,87461,87462,87463,87464,87465,87466,87467,87468,87469,87474,87476,87477,87478,87484,87485,87487,87488,87489,87490,87491,87493,87494,87495,87500,87501,87502,87503,87504,87506,87507,87508,87509,87512,87513,87514,87515,87517,87518,87520,87521,87526,87559,87560,87561,87562,87565,87566,87577,87578,87579,87580,87641,87647,87648,87650,87695,87764,87806,87872,87881,87883,87885,87888,88150,88487,89112,89328,89367,89368,89674,89675,89679,89683,89737,89868,89992,89993,89994,89996,89997,90046,90146,90174,90407,90472,90473,90475,90476,90477,90478,90479,90482,90483,90484,90486,90487,90490,90491,90492,90493,90494,90495,90496,90497,90556,90561,90570,90571,90572,90573,90574,90575,90576,90577,90578,90579,90580,90581,90582,90583,90584,90585,90586,90587,90588,90589,90590,90591,90655,90717,90718,90719,90720,90722,90723,90724,90725,90743,90746,90755,90756,90760,90764,90767,90769,90810,90812,90813,90814,90900,90902,91040,92426,92440,92741,92747,93228,93351,93420,93421,93428,93429,93430,93431,93432,93433,93434,93435,93436,93437,93438,93439,93453,93454,93455,93456,93457,93458,93459,93460,93461,93462,93463,93464,93465,93466,93467,93468,93469,93470,93472,93473,93474,93475,93476,93477,93478,93479,93488,93489,93490,93491,93492,93493,93494,93495,93496,93497,93498,93499,93500,93501,93502,93503,93504,93505,93506,93507,93509,93511,93513,93515,93517,93519,93521,93523,93525,93527,93528,93529,93530,93531,93532,93533,93534,93535,93536,93537,93538,93539,93540,93541,93542,93543,93544,93545,93546,93547,93548,93550,93551,93552,93553,93554,93555,93556,93557,93558,93559,93566,93567,93568,93569,93570,93571,93572,93573,93574,93575,93576,93577,93578,93579,93580,93581,93582,93583,93584,93585,93586,93587,93588,93589,93590,93591,93592,93593,93594,93607,93608,93615,93616,93617,93618,93619,93620,93621,93622,93623,93624,94028,94029,94030,94031,94032,94033,94034,94035,94036,94037,94038,94039,94040,94041,94042,94043,94044,94045,94046,94047,94048,94049,94050,94051,94052,94053,94054,94055,94056,94057,94058,94059,94060,94061,94062,94063,94064,94065,94066,94067,94070,94071,94072,94073,94074,94075,94076,94077,94078,94079,94080,94081,94082,94083,94084,94085,94086,94087,94088,94089,94090,94091,94092,94093,94094,94095,94096,94097,94098,94099,94100,94101,94102,94103,94104,94211,94212,94213,94214,94215,94216,94217,94218,94261,94262,94263,94264,94265,94266,94267,94268,94269,94270,94271,94272,94273,94274,94275,94276,94277,94278,94279,94280,94288,94289,94573,94575,94576,94577,94579,94580,94581,94582,94583,94584,94585,94586,94587,94588,94589,94590,94591,94592,94595,94903,94934,95373,95408,95410,95411,95412,95416,95481,95482,95536,97512,97546,97621,97623,97826,97827,97828,97830,97831,98599,98600,98602,98603,98604,98606,98607,98608,98609,98610,98611,98612,98613,98614,98615,98616,98756,98757,98763,98764,98765,98766,98767,98768,98769,98770,98771,98772,98773,98774,98776,98784,98785,98786,98787,98788,98789,98790,98791,98792,98793,98794,98795,98796,98797,98798,98799,98800,98801,98802,98803,98804,98805,98806,98807,98808,98809,98810,98814,98815,98816,98817,98818,98819,98820,98821,98822,98823,98824,98825,98826,98827,98828,98829,98830,98831,98832,98833,98834,98835,98836,98837,98838,98839,98840,98841,98842,98843,98844,98845,98846,98847,98848,98849,98850,98851,98852,98853,98854,98855,98856,98857,98858,98859,98860,98861,98862,98863,98864,98865,98866,98867,98868,98869,98870,98871,98872,98873,98874,98881,98882,98883,98884,98885,98886,98887,98888,98889,98890,98891,98892,98893,98894,98895,98896,98897,98898,98899,98900,98901,98902,98903,98904,98905,98906,98907,98908,98909,98913,98914,98920,98921,98922,98923,98924,98925,98926,98927,98928,98929,98930,100905,101571,101630,101661,101662,102218,102348,102351,102483,102541,102542,102543,103786,103789,103795,103797,103977,104099,104104,104105,104108,104120,104122,104126,104127,104138,104202,104224,104245,104314,104316,104317,105718,105891,105898,106287,106298,106304,106312,106324,106334,106335,106338,106347,106390,106391,106392,106393,106394,106396,106397,106399,106400,106401,106403,106404,106405,106407,106408,106409,106411,106413,106416,106418,106419,106420,106421,106422,106423,106424,106425,106426,106427,106428,106429,106430,106431,106432,106433,106435,106436,106437,106438,106440,106441,106442,106443,106444,106445,106446,106447,106448,106450,106452,106453,106456,106457,106459,106460,106461,106462,106463,106464,106465,106466,106467,106468,106469,106470,106471,106472,106473,106474,106475,106476,106477,106479,106480,106481,106482,106483,106484,106485,106486,106487,106488,106489,106490,106491,106492,106493,106495,106496,106497,106498,106499,106500,106501,106502,106503,106504,106505,106506,106507,106508,106509,106510,106511,106512,106513,106514,106515,106516,106518,106519,106520,106521,106522,106523,106524,106525,106526,106527,106528,106529,106530,106531,106532,106533,106534,106535,106536,106538,106539,106540,106541,106542,106544,106545,106546,106547,106549,106550,106551,106552,106553,106554,106555,106556,106557,106558,106559,106560,106561,106562,106563,106564,106565,106566,106567,106568,106569,106570,106571,106572,106573,106574,106575,106576,106577,106578,106579,106580,106581,106582,106583,106584,106585,106586,106587,106588,106589,106590,106591,106592,106593,106594,106595,106596,106597,106598,106599,106600,106601,106602,106603,106604,106605,106606,106607,106608,106609,106610,106611,106612,106613,106614,106615,106616,106617,106618,106619,106620,106621,106622,106623,106624,106625,106626,106627,106628,106629,106630,106631,106632,106633,106634,106635,106636,106637,106638,106639,106640,106641,106642,106643,106644,106645,106646,106647,106648,106649,106650,106651,106652,106654,106655,106656,106657,106658,106659,106660,106661,106662,106663,106664,106665,106666,106667,106668,106669,106670,106671,106672,106673,106674,106675,106676,106677,106678,106679,106680,106681,106682,106683,106684,106685,106686,106687,106688,106689,106690,106691,106692,106693,106694,106696,106697,106698,106699,106700,106701,106702,106703,106704,106705,106706,106707,106708,106709,106710,106711,106712,106713,106714,106715,106716,106718,106719,106720,106721,106722,106723,106724,106725,106726,106727,106728,106729,106730,106731,106732,106733,106734,106735,106736,106737,106738,106739,106740,106741,106742,106743,106744,106745,106746,106747,106748,106749,106750,106751,106752,106825,106867,106875,106888,106889,107218,107469,107472,107517,107518,107528,107603,107640,107658,108294,108296,108297,108298,108299,108300,108302,108306,108323,108324,108325,108326,108327,108328,108330,108331,108332,108333,108335,108336,108337,108338,108339,108340,108341,108342,108343,108344,108346,108352,108353,108354,108391,108439,108631,108634,108635,108739,108745,108920,108977,108979,108996,109076,109118,109119,109120,109122,109123,109124,109125,109126,109127,109128,109129,109131,109132,109133,109134,109135,109136,109137,109138,109139,109140,109141,109142,109143,109144,109145,109147,109148,109152,109153,109155,109156,109160,109167,109168,109171,109172,109173,109174,109183,109184,109217,109218,109219,109220,109221,109222,109223,109226,109253,109574,109584,109585,109599,109624,109625,109626,109628,109629,109693,109991,109992,110274,110289,110290,110291,110292,110293,110294,110609,110610,110617,110618,110619,110620,110621,110624,110625,110626,110628,110631,110632,110633,110635,110638,110639,110640,110641,110642,110645,110646,110647,110649,110652,110653,110654,110656,110682,111245,111364,111402,111407,111433,111437,111438,111439,111441,111442,111444,111445,111446,111447,111449,111450,111454,111456,111457,111458,111522,111526,111557,111589,111595,111601,111603,111650,111651,111652,111658,111659,111660,111662,111663,111664,111665,111666,111667,111668,111669,111670,111671,111672,111673,111674,111675,111676,111820,112057,112059,112090,112093,112115,112156,112157,112158,112160,112164,112165,112177,112180,112182,112183,112184,112185,112272,112273,112274,112275,112276,112277,112278,112279,112280,112281,112282,112283,112284,112285,112286,112287,112288,112289,112291,112292,112293,112297,112298,112299,112300,112301,112302,112304,112321,112384,112449,113108,113111,113131,113134,113140,113142,113261,113262,113263,113264,113270,113273,113289,113355,113574,113585,113588,113593,113602,113610,113632,113865,113882,113932,113959,113992,114004,114012,114013,114015,114017,114056,114230,114231,114232,114233,114234,114235,114236,114237,114809,114810,114811,114812,114813,114814,114815,114816,114817,114818,114819,114821,114828,114829,114831,114836,114931,114942,114978,114979,114980,115349,115470,115502,115504,115526,115794,115796,115798,115799,115800,115801,115803,115804,115805,115807,115812,115987,115988,115989,115990,115991,115992,115993,115994,115995,116064,116119,116155,116164,116165,116166,116167,116168,116169,116170,116171,116174,116175,116176,116177,116178,116179,116180,116181,116182,116183,116187,116188,116189,116190,116191,116192,116193,116194,116259,116260,116261,116266,116268,116271,116276,116405,116406,116408,116425,116426,116427,116428,116439,116453,116454,116457,116458,116459,116461,116462,116463,116464,116466,116467,116468,116470,116471,116473,116474,116475,116476,116477,116478,116479,116480,116481,116482,116483,116484,116485,116486,116489,116490,116491,116492,116493,116495,116496,116497,116498,116499,116500,116501,116502,116503,116504,116505,116506,116507,116508,116509,116510,116511,116512,116513,116514,116515,116516,116517,116518,116519,116520,116521,116522,116523,116524,116525,116526,116527,116528,116529,116530,116531,116532,116533,116534,116535,116536,116537,116538,116539,116540,116541,116542,116543,116544,116545,116546,116547,116548,116549,116550,116551,116552,116554,116555,116556,116557,116558,116560,116561,116562,116563,116564,116565,116566,116567,116568,116569,116570,116571,116572,116573,116574,116575,116576,116577,116578,116579,116581,116582,116583,116584,116585,116586,116587,116588,116589,116591,116592,116593,116594,116595,116596,116597,116598,116600,116601,116602,116603,116604,116605,116606,116607,116608,116609,116610,116611,116612,116613,116614,116615,116616,116617,116618,116619,116621,116623,116624,116625,116626,116627,116628,116629,116630,116631,116632,116633,116634,116635,116636,116637,116638,116639,116640,116641,116642,116643,116644,116646,116647,116654,116677,116678,116679,116680,116681,116682,116683,116684,116686,116687,116689,116690,116691,116692,116693,116694,116696,116697,116698,116701,116702,116703,116704,116705,116706,116707,116708,116709,116711,116712,116714,116715,116716,116717,116718,116720,116721,116723,116724,116756,116794,116804,116979,116981,117379,117437,117439,117442,117445,117453,117528,117568,118006,118007,118008,118015,118061,118101,118225,118280,118331,118332,118333,118334,118335,118336,118337,118338,118339,118340,118341,118342,118343,118344,118345,118346,118347,118375,118376,118377,118378,118379,118391,118414,118415,118427,118472,118576,118595,118599,118601,118602,118603,118630,118631,118632,118675,118704,118711,118741,118783,118784,118785,118786,118787,118788,118789,118790,118791,118792,118793,118794,118795,118796,118797,118799,118800,118801,118802,118803,118804,118805,118807,118808,118809,118810,118811,118812,118813,118814,118815,118816,118817,118818,118819,118820,118821,118822,118823,118824,118825,118826,118827,118828,118829,118830,118831,118832,118833,118834,118835,118836,118837,118838,118839,118840,118841,118842,118843,118844,118845,118846,118847,118848,118849,118850,118851,118853,118854,118855,118856,118857,118858,118859,118860,118861,118864,118865,118866,118869,118872,118873,118874,118875,118876,118877,118878,118879,118880,118881,118882,118883,118885,118886,118887,118888,118889,118890,118891,118892,118893,118894,118895,118896,118898,118919,118921,118923,119094,119096,119097,119100,119101,119210,119212,119332,119333,119334,119335,119336,119337,119338,119339,119340,119341,119342,119343,119345,119346,119347,120077,120137,120138,120140,120150,120166,120257,120259,120261,120269,120293,120950,120952,120953,120954,121001,121002,121003,121004,121005,121006,121007,121008,121012,121014,121015,121016,121017,121018,121019,121020,121021,121022,121024,121040,121041,121042,121043,121044,121045,121046,121047,121048,121049,121050,121051,121052,121053,121054,121055,121056,121057,121058,121059,121060,121061,121062,121063,121067,121069,121070,121072,121074,121075,121076,121077,121078,121079,121082,121083,121095,121096,121098,121099,121101,121104,121105,121106,121107,121108,121109,121110,121111,121112,121113,121115,121116,121117,121118,121122,121124,121125,121126,121128,121129,121131,121132,121133,121134,121137,121138,121150,121151,121154,121155,121156,121157,121158,121160,121161,121162,121163,121164,121166,121168,121170,121171,121172,121173,121177,121180,121182,121183,121184,121185,121186,121187,121189,121192,121193,121205,121206,121207,121208,121209,121210,121211,121214,121215,121216,121217,121219,121220,121221,121222,121223,121224,121225,121226,121227,121228,121232,121234,121236,121237,121238,121239,121241,121242,121243,121244,121260,121261,121262,121263,121264,121265,121266,121267,121268,121270,121271,121272,121273,121274,121275,121339,121347,121352,121354,121357,121362,121364,121367,122343,122345,122348,122742,123865,123868,123869,123891,123892,123893,123894,123895,123896,123897,123898,123910,123911,123912,123913,123914,123915,123916,123917,123918,123919,123956,124101,124102,124103,124104,124105,124106,124107,124108,124109,124110,124111,124112,124113,124115,124116,124117,124118,124119,124120,124121,124125,124150,124182,124252,124277,124288,124311,124323,124350,124436,124437,124438,124439,124440,124441,124442,124444,124461,124640,124661,124669,124671,126928,126935,126936,126987,126988,126989,126990,126991,126992,126993,126994,126995,126996,126997,126998,126999,127000,127001,127002,127004,127016,127017,127019,127020,127031,127032,127033,127034,127035,127037,127681,127695,127701,127703,127704,127707,127715,127719,127730,127733,127748,127749,127759,127760,127761,127762,127834,127835,127836,127837,127838,127839,127840,127841,127843,127844,127845,127846,127847,127848,127849,127850,127856,127868,127991,128017,128229,128304,128310,128311,128312,128313,128314,128315,128316,128436,128499,128500,128533,128534,128535,128536,128537,128538,128539,128540,128541,128542,128543,128544,128545,128546,128547,128548,128549,128550,128551,128552,128553,128554,128558,128559,128560,128561,128610,128632,128648,128650,128671,128709,128735,128768,128770,128793,128794,128807,128834,128837,128839,128851,128876,128877,128878,128879,128880,128881,128882,128883,128884,128886,128887,128888,128889,128890,128891,128892,128893,128894,128895,128896,128897,128898,128899,128900,128901,128902,128903,128904,128905,128906,128907,128978,128979,128980,128987,128989,128990,128991,129017,129018,129019,129020,129021,129022,129028,129029,129032,129034,129100,129158,129211,129216,129217,129284,129285,129286,129287,129288,129289,129956,129958,129960,129961,130064,130154,130169,130172,130173,130174,130175,130176,130177,130178,130179,130180,130181,130182,130183,130192,130215,130216,130217,130218,130219,130220,130221,130222,130223,130224,130225,130227,130228,130230,130231,130234,130239,130242,130243,130244,130245,130246,130247,130250,130251,130254,130261,130264,130265,130268,130903,130904,130905,131729,131746,132183,132184,132185,132190,132192,132193,132197,132199,132200,132204,132230,132231,132233,132239,132487,132488,132489,132490,132491,132492,132493,132494,132495,132496,132497,132498,132499,132500,132501,132502,132503,132504,132505,132506,132507,132509,132510,132511,132513,132514,132515,132516,132517,132518,132520,132521,132522,132524,132525,132526,132528,132530,132531,132532,132533,132534,132535,132536,132537,132538,132539,132540,132541,132542,132543,132544,132545,132546,132547,132548,132743,132752,132753,132921,132982,133557,133561,133562,133563,133564,133565,133566,133567,133568,133569,133570,133571,133572,133573,133574,133575,133576,133577,133579,133588,133589,133590,133591,133592,133593,133607,133680,133681,133688,133703,133704,133705,133708,133710,133711,133712,133713,133714,133715,133716,133717,133722,133724,133795,133940,133942,134125,135479,136350,136375,136377,136561,136567,136569,136606,136633,136636,136637,136638,136653,136654,136683,136684,136685,136686,136687,136688,136689,136691,136692,136693,136708,136711,136712,136713,136825,136826,136852,136856,136857,136924,137188,137191,137238,137239,137249,137250,137267,137269,137274,137287,137288,137289,137293,137556,137557,137558,137686,138001,138004,138007,138010,138292,138293,138486,138488,138727,138728,138729,138787,138789,138790,138791,138792,138793,138794,138795,138810,138875,138967,139036,139175,139270,139271,139278,139288,139289,139302,139310,139311,139312,139315,139338,139339,139348,139352,139358,139362,139375,139406,139408,139412,139417,139424,139425,139427,139435,139436,139437,139438,139442,139503,139783,139786,139890,140187,140188,140276,140347,140351,140363,140567,140587,140630,140670,140671,140750,140752,141205,141284,141285,141286,141288,141289,141291,141293,141322,141333,141408,141446,141527,141532,141564,141565,141566,141567,141568,141569,141570,141571,141572,141573,141574,141575,141576,141577,141578,141579,141580,141581,141582,141583,141584,141585,141586,141587,141588,141589,141590,141640,141641,141695,141712,141884,141898,141908,141909,141910,141918,141919,142075,142101,142102,142117,142262,142263,142264,142265,142334,142335,142336,142337,142370,142401,142402,142406,142448,142541,143588,143681,143750,143754,143755,143898,144304,144305,144306,144307,144329,144331,144332,144333,144334,144393,144399,144400,144401,144403,144404,144405,144406,144407,144442,144457,146406,146659,146666,146953,146989,147038,147044,147064,147119,147315,147422,147423,147424,147425,147427,147428,147429,147449,147514,147515,147517,147669,147726,147775,147868,147869,147870,149755,150922,151133,151239,151256,151257,151269,151397,151538,151540,151542,151564,151565,151566,151567,151569,151571,151576,151577,151578,151579,151580,151583,151584,151585,151588,151590,151608,151609,151610,151651,151652,151718,151719,151720,151721,151722,151771,151772,151790,151791,151792,152084,152085,152087,152088,152089,152090,152091,152296,152413,152494,152495,152496,152497,152503,152505,152506,152507,152508,152509,152510,152511,152512,152513,152541,152542,152543,152544,152545,152546,152547,152548,152549,152550,152557,152559,152560,152561,152564,152576,152577,152579,152631,152632,152634,152636,152637,152638,152639,152640,152641,152682,152802,152803,152804,152805,152806,152807,152808,152809,152812,152813,152827,152828,152830,152831,152832,152834,152835,152837,152872,152874,152875,152876,152877,152878,153015,153019,153031,153033,153036,153050,153051,153123,153251,153430,153431,153434,153435,153437,153438,153439,153440,153441,153442,153443,153444,153445,153476,153478,153479,153480,153487,153490,153494,153506,153510,153512,153573,153594,153597,153605,153606,153607,153610,153611,153613,153614,153615,153617,153619,153620,153621,153622,153629,153630,153631,153632,153633,153634,153635,153636,153638,153639,153640,153643,153646,153647,153661,153662,153663,153664,153665,153666,153667,153668,153669,153673,153684,153685,153688,153689,153690,153700,153701,153702,153703,153704,153705,153706,153707,153708,153709,153710,153711,153712,153713,153714,153715,154120,154121,154122,154123,154124,154125,154126,154127,154128,154129,154140,154141,154142,154143,154145,154146,154147,154148,154149,154150,154151,154152,154153,154159,154160,154161,154162,154163,154164,154165,154166,154167,154168,154169,154685,154686,154687,154688,154689,154690,154691,154692,154695,154696,154697,154700,154705,154706,154707,154722,154770,154772,154773,154774,154777,154779,154781,154783,154785,154786,154788,154791,154792,154793,154795,154797,154801,154802,154803,154805,154807,154808,154809,154810,154811,154812,154813,154814,154815,154816,154817,154819,154820,154821,154822,154823,154824,154825,154826,154827,154828,154829,154830,154831,154832,154833,154835,154836,154837,154839,154840,154842,154843,154844,154845,154847,154848,154850,154851,154853,154854,154858,154860,154862,154864,154865,154881,154882,154883,154884,154885,154886,154887,154888,154889,154891,154897,154898,154899,154989,154990,155598,155601,155603,155605,155608,155609,155610,155615,155618,155629,155631,155635,155636,155811,155812,155813,155814,156525,156526,156627,156647,156659,156872,156930,157842,157844,158078,158186,158187,158188,158189,158201,158202,158203,158204,158205,158210,158212,158327,158377,158378,158379,158380,158381,158382,158740,158744,158745,158747,158751,158752,158760,158770,158771,158773,158789,158790,158794,158806,158808,158813,158821,158830,158839,158849,158850,158855,158856,158859,158860,158861,158862,158863,158864,158865,158866,158867,158869,158870,158874,158879,158886,158887,158927,159125,159126,159127,159128,159140,159158,159161,159162,159163,159164,159166,159167,159168,159171,159172,159173,159174,159184,159185,159186,159187,159188,159189,159191,159192,159193,159196,159198,159199,159204,159206,159207,159211,159214,159215,159217,159219,159220,159222,159223,159228,159229,159230,159260,159265,159280,159283,159284,159464,159466,159467,159468,159471,159473,159474,159475,159476,159477,159478,159479,159480,159481,159482,159485,159486,159487,159488,159489,159490,159491,159492,159493,159494,159496,159497,159501,159502,159504,159505,159506,159507,159508,159509,159511,159514,159515,159516,159517,159519,159520,159521,159522,159523,159524,159525,159528,159529,159530,159531,159532,159533,159535,159537,159539,159540,159543,159544,159545,159546,159547,159548,159549,159551,159556,159557,159558,159563,159564,159566,159568,159569,159571,159572,159573,159574,159575,159576,159577,159578,159584,159585,159587,159589,159590,159593,159594,159595,159596,159597,159598,159599,159600,159601,159602,159604,159605,159606,159607,159608,159609,159785,159786,159787,159788,159789,159791,159792,159799,159800,159802,159803,159805,159806,159807,159808,159810,159811,159812,159813,159818,159820,159821,159822,159823,159824,159825,159826,159827,159840,159847,159848,159851,159853,159855,159857,159858,159860,159861,159863,159865,159866,159867,159868,159884,159885,159886,159890,159891,159892,159893,159912,159913,159914,159915,159916,159922,159936,159937,159940,159959,160053,160059,160092,160119,160120,160121,160122,160123,160124,160125,160126,160128,160129,160130,160131,160132,160133,160134,160135,160137,160138,160139,160140,160141,160142,160143,160145,160146,160147,160148,160149,160150,160151,160152,160154,160155,160156,160157,160158,160159,160160,160161,160162,160163,160164,160166,160167,160168,160169,160170,160171,160173,160174,160177,160179,160180,160181,160182,160183,160184,160185,160186,160298,160328,160330,160398,160399,160400,160483,160484,160502,160518,160612,160705,160709,160710,160711,160712,160924,160927,160928,160930,160931,160932,160933,160935,160938,161053,161071,161072,161073,161074,161075,161076,161077,161128,161134,161138,161153,161344,161886,161887,161890,161897,161923,161940,161945,161955,161958,161959,162011,162012,162022,162027,162029,162515,162516,162517,162554,162556,162557,162588,162653,162665,163019,163077,163082,163094,163098,163110,163131,163133,163149,163158,163203,163207,163208,163222,163223,163224,163225,163391,163522,163558,163563,163569,163573,163574,163575,163576,163651,163691,163692,163695,163698,163700,163701,163707,163781,163782,163783,163784,163833,163841,163855,163925,163926,163927,163928,163931,163932,163933,163934,163935,163936,163937,163938,163939,163940,163941,163942,163943,163944,163945,163946,163947,163948,163949,163950,163951,163952,163953,163954,163955,163956,163957,163958,163959,163960,163961,163962,163963,163964,163965,163966,163967,163968,163969,164265,164266,164268,164269,164270,164271,164272,164273,164274,164275,164276,164277,164278,164279,164280,164281,164282,164283,164284,164291,164292,164293,164294,164295,164296,164297,164298,164300,164301,164302,164303,164304,164305,164306,164307,164313,164314,164315,164316,164318,164319,164320,164323,164324,164325,164326,164327,164328,164329,164330,164331,164332,164333,164334,164335,164336,164337,164338,164339,164340,164341,164342,164343,164344,164345,164346,164347,164349,164350,164351,164352,164353,164354,164355,164356,164357,164358,164359,164360,164361,164362,164363,164364,164366,164367,164368,164369,164387,164388,164389,164390,164391,164393,164394,164395,164396,164397,164398,164399,164400,164401,164402,164403,164404,164405,164406,164407,164408,164409,164410,164411,164412,164413,164414,164415,164416,164417,164418,164419,164420,164421,164422,164423,164424,164425,164426,164427,164428,164429,164430,164431,164432,164433,164434,164435,164436,164437,164438,164439,164440,164441,164442,164443,164444,164445,164446,164448,164449,164450,164451,164452,164453,164454,164455,164456,164457,164458,164459,164460,164461,164462,164463,164464,164465,164466,164467,164468,164469,164470,164471,164472,164473,164474,164475,164476,164477,164478,164479,164480,164481,164482,164483,164484,164485,164486,164487,164488,164489,164490,164491,164492,164493,164494,164495,164496,164497,164498,164499,164500,164501,164502,164503,164504,164505,164506,164507,164508,164509,164510,164511,164512,164513,164514,164515,164516,164517,164518,164519,164520,164521,164523,164524,164526,164527,164528,164529,164530,164531,164532,164533,164534,164535,164536,164537,164538,164539,164540,164541,164542,164544,164545,164546,164547,164548,164549,164550,164551,164552,164554,164555,164556,164557,164558,164559,164560,164561,164562,164563,164564,164565,164566,164567,164568,164569,164570,164649,164650,164651,164652,164653,164654,164655,164656,164657,164659,164660,164661,164662,164663,164664,164665,164666,164667,164670,164671,164672,164673,164674,164675,164676,164677,164679,164680,164682,164689,164719,165016,165017,165518,165520,165545,165547,165564,165692,165721,165733,165738,165740,165742,165743,165744,165745,165746,165747,165748,165749,165755,165925,166240,166270,166343,166344,166487,166583,166743,166744,166804,166814,166816,166818,166819,166820,166822,166823,166824,166825,166826,166827,166828,166829,166830,166831,166832,166833,166834,166835,166836,166837,166838,166839,166840,166844,167081,167082,167177,167178,167179,167181,167182,167183,167184,167185,167186,167187,167188,167190,167191,167192,167193,167195,167196,167539,167738,167806,167807,167808,167861,167862,167936,167938,167940,167944,167946,167948,167950,167952,167956,167958,167960,167962,167964,167965,167966,167968,167970,167972,167974,167976,167978,167980,167982,167984,167986,167988,167992,167994,167996,168185,168188,168189,168190,168191,168192,168193,168215,168216,168217,168232,168302,168303,168307,168308,168309,168310,168311,168312,168313,168314,168315,168320,168412,168417,168419,168427,168446,168447,168448,168449,168487,168489,168498,168499,168500,168501,168506,168529,168583,168586,168589,168592,168593,168596,168598,168602,168624,168635,168636,168637,168638,168639,168640,168641,168642,168644,168645,168646,168649,168650,168651,168652,168653,168654,168662,168663,168786,168787,168788,168789,168791,168794,168796,168806,168807,168808,168959,168960,169115,169118,169119,169120,169152,169220,169280,169281,169282,169283,169284,169285,169286,169287,169288,169289,169290,169299,169300,169301,169302,169321,169328,169332,169333,169334,169398,169399,169400,169401,169402,169403,169404,169405,169406,169407,169409,169410,169411,169412,169413,169414,169415,169416,169417,169418,169419,169420,169421,169422,169423,169424,169425,169426,169427,169428,169429,169431,169433,169434,169435,169445,169449,169451,169456,169674,169675,169697,169701,169885,169929,169930,169931,169933,169934,169935,169936,170072,170112,170114,170115,170116,170117,170118,170119,170120,170164,170165,170168,170173,170201,170287,170290,170291,170292,170293,170294,170295,170297,170299,170300,170301,170302,170307,170309,170310,170311,170313,170315,170318,170337,170339,170348,170350,170357,170360,170361,170363,170364,170365,170366,170554,171195,171196,171203,171208,171263,171264,171266,171267,171268,171269,171270,171271,171272,171273,171274,171275,171276,171278,171285,171286,171287,171288,171289,171290,171291,171292,171301,171315,171349,171350,171351,171352,171370,171374,171375,171376,171377,171378,171379,171380,171381,171382,171383,171384,171385,171386,171387,171388,171389,171390,171391,171392,171412,171413,171414,171415,171416,171417,171418,171419,171428,171436,171437,171438,171439,171441,171442,171443,171444,171445,171446,171447,171448,171449,171828,171829,171830,171831,171832,171833,171840,171841,172008,172010,172018,172040,172041,172042,172043,172044,172045,172046,172047,172048,172049,172050,172051,172052,172053,172054,172055,172056,172057,172058,172059,172061,172062,172063,172068,172069,172089,172091,172092,172094,172096,172097,172230,172231,172232,172233,172234,172235,172236,172237,172238,172239,172240,172241,172242,172243,172244,172245,172246,172247,172248,172249,172250,172251,172252,172253,172254,172255,172256,172257,172258,172259,172260,172261,172262,172263,172264,172265,172314,172315,172316,172317,172318,172319,172320,172321,172322,172323,172324,172325,172326,172327,172328,172329,172346,172347,172348,172349,172350,172351,172357,172358,172359,172360,172361,172362,172363,172364,172365,172366,172367,172368,172370,172406,172407,172408,172410,172411,172412,172413,172414,172415,172416,172418,172419,172437,172438,172439,172449,172450,172451,172462,172902,172903,172904,172912,172914,172915,172920,172921,172923,172924,172934,172935,172936,172937,173032,173033,173034,173035,173036,173037,173038,173039,173040,173041,173042,173043,173048,173049,173050,173051,173053,173054,173056,173057,173058,173059,173060,173062,173065,173067,173069,173070,173071,173072,173073,173074,173075,173076,173077,173078,173079,173080,173081,173082,173083,173084,173085,173086,173087,173088,173089,173090,173091,173092,173093,173094,173095,173096,173097,173098,173099,173100,173101,173102,173103,173104,173108,173109,173110,173121,173122,173123,173124,173125,173126,173127,173128,173129,173130,173131,173132,173133,173134,173135,173136,173137,173138,173140,173141,173142,173143,173144,173145,173146,173147,173160,173161,173162,173163,173168,173170,173171,173172,173173,173191,173192,173193,173194,173195,173196,173197,173198,173199,173200,173201,173202,173204,173214,173215,173216,173217,173218,173219,173220,173221,173222,173241,173242,173243,173244,173245,173246,173247,173248,173249,173359,173360,173361,173362,173428,173759,173760,173762,173859,173871,173874,173877,173878,173908,173937,174021,174041,174281,174282,174283,174284,174285,174322,174327,174328,174348,174349,174350,174351,174352,174353,174780,174786,174787,174788,174789,174791,174805,174806,174807,174811,174812,174813,174814,174890,174891,175004,175005,175007,175008,175009,175010,175052,175053,175054,175056,175069,175241,175543,175544,175545,175546,175547,175548,175549,175550,175551,175552,175553,175554,175555,175556,175557,175558,175559,175560,175561,175562,175563,175564,175565,175566,175567,175568,175569,175570,175571,175572,175573,175574,175788,175886,175924,175954,175955,175957,175959,175960,175962,175970,176086,176087,176088,176089,176290,176291,176292,176293,176294,176296,176297,176298,176299,176300,176301,176302,176303,176306,176307,176308,176309,176310,176311,176312,176314,176315,176316,176317,176318,176319,176391,176392,176393,176410,176411,176412,176413,176414,176415,176416,176417,176418,176419,176420,176421,176422,176423,176424,176425,176426,176427,176428,176429,176430,176431,176432,176433,176434,176435,176436,176437,176438,176439,176440,176441,176761,176762,176763,176764,176765,176766,176767,176768,176769,176770,176771,176772,176773,176774,176775,176776,176777,176778,176779,176780,176781,176782,176783,176784,176785,176786,176787,176788,176789,176790,176791,176792,176793,176794,176795,176796,176797,176798,176799,176800,176801,176802,176803,176807,176809,176810,176811,176852,176853,176854,176855,176859,176860,176861,176862,176863,176864,176865,176866,176867,176868,176869,176870,176871,176872,176873,176874,176876,176879,176881,176882,176883,176885,176886,176887,176929,176930,176932,176933,176934,176936,176939,176941,176945,176946,176949,176950,176951,176952,176954,176957,176958,176959,176961,176962,176963,176964,176965,176966,176967,176968,176969,176970,176971,176972,176973,176974,176975,176976,176977,176978,176979,176980,176981,176982,176983,176984,176985,176986,176987,176988,176989,176990,176991,176992,177025,177026,177027,177028,177040,177061,177062,177256,177659,177660,177661,177715,177716,177732,177733,177735,177736,177737,177738,177740,177741,177742,177743,177744,177746,177747,177748,177749,177750,177751,177753,177755,177756,177757,177758,177759,177761,177763,177767,177768,177769,177770,177771,177772,177773,177774,177775,177776,177777,177778,177779,177780,177781,177782,177783,177784,177785,177786,177787,177788,177789,177790,177791,177792,177793,177794,177795,177796,177797,177798,177799,177800,177801,177802,177804,177805,177806,177807,177808,177809,177810,177811,177812,177813,177815,177816,177840,177841,177842,177843,177962,178017,178103,178104,178106,178107,178108,178113,178114,178115,178122,178123,178127,178131,178132,178133,178134,178135,178136,178149,178150,178173,178175,178177,178178,178216,178217,178219,178221,178222,178223,178224,178225,178226,178227,178247,178252,178535,178537,178545,178546,178550,178551,178552,178786,178787,178923,178926,178927,178943,178944,178945,178946,178947,178948,178949,178950,178951,178952,178953,179003,179006,179013,179014,179015,179018,179019,179020,179023,179166,179270,179271,179273,179274,179275,179276,179278,179283,179284,179285,179286,179287,179293,179295,179296,179297,179308,179309,179310,179314,179315,179319,179323,179329,179332,179333,179334,179368,179369,179370,179372,179593,179594,179985,179986,179992,180055,180057,180058,180059,180060,180088,180142,180143,180145,180153,180155,180156,180162,180163,180165,180168,180208,180286,180307,180310,180317,180318,180351,180375,180377,180387,180404,180405,180409,180430,180457,180476,180487,180623,180624,180732,180733,180751,180752,180755,180760,180793,180794,180795,180855,180862,180864,180865,180992,181246,181247,181393,181468,181713,182121,182122,182459,182556,182557,182558,182560,182561,182581,182653,182690,182691,182707,182709,182710,182716,182718,182719,182725,182733,182737,182739,182746,182757,182762,182763,182765,182766,182774,182775,182797,182978,182982,182990,183008,183010,183013,183017,183031,183035,183110,183203,183204,183207,183208,183209,183418,183421,183425,183616,183738,183823,183900,183950,183951,183952,183953,183954,183955,183963,183971,184049,184051,184090,184096,184097,184100,184201,184202,184308,184368,184369,184370,184372,184375,184390,184391,184392,184393,184394,184479,184480,184486,184505,184506,184553,184624,184682,184690,184759,184778,184781,184782,184783,184784,184785,184786,184787,184788,184789,184790,184791,184792,184793,184794,184795,184796,184797,184798,184799,184800,184801,184802,184803,184804,184805,184806,184807,184808,184809
114810,114815,114821,114828,114931,114942,115349,115504,115799,115803,115804,118603,118630,118807,118818,119339,120953,121014,121051,121062,123865,123868,123869,123918,124109,124121,124437,124671,126928,127704,127991,128436,128541,128552,128839,129285,129286,130172,130223,130224,130245,132197,132199,132491,132502,132503,132516,132517,132532,133579,133588,133589,133704,133722,136711,137238,138793,139890,141291,141567,141568,141579,141580,141918,142335,146989,147038,151720,152503,152542,152804,152831,153015,153019,153435,153437,153479,153662,153663,158078,159188,159211,159535,159827,159840,162011,163956,163967,164274,164291,164318,164341,164353,164422,164518,164552,164554,164565,166836,166837,167192,167936,168419,168638,169119,169287,170164,170295,171290,171375,172256,172315,172316,172327,172328,172360,172415,172902,173038,173054,173056,173072,173073,173084,173085,173086,173097,173121,173196,173217,173759,174041,174281,174351,174807,174811,175546,175547,175788,176087,176299,176312,176314,176315,176768,176779,176780,176791,176792,176803,176807,176872,176873,176930,176932,176933,176954,176957,176969,176990,176991,177660,177661,177751,177778,177789,177790,177811,177812,177813,178106,178107,178134,178149,178219,178537,178953,179329,179332,179992,180055,181468,182653,182690,182978,183900,184090,184096,184390,184391,184486,184682,184808,184809
114810,114815,114821,114828,114931,114942,115349,115504,115799,115803,115804,123865,123868,123869,133589,158078,178149,184486
